Question,Answer,Page Contents,Metadata
How can one gain better control over my emotions?," Based on the context provided in your text, it seems that gaining better control over emotions can be achieved through a few strategies.

Firstly, having children can significantly impact one's emotions and priorities. As the author mentioned, having kids led them to feel protective and caring towards their children more than themselves. This shift in focus can help prioritize emotions and respond appropriately.

Secondly, when working on projects or essays, thinking about what you would want your kids to learn or know can drive you to get things right. This sense of responsibility and promise can provide motivation and focus.

Thirdly, some people suggest that psychoactive drugs may have an effect on emotions, although the author expresses skepticism and ignorance on this matter. It's important to note that any substance use comes with risks and potential negative consequences.

Fourthly, the principles defining a religion must contain mistaken beliefs to distinguish adherents from everyone else. This might not directly relate to gaining control over emotions but could potentially provide insight into understanding complex emotions and belief systems.

Lastly, it's essential to identify questions you wondered about in your youth and try to address them now. Reflecting on past curiosities can lead to personal growth and emotional fulfillment.

Overall, developing emotional intelligence and control requires self-awareness, intentional focus, and a willingness to learn and grow from experiences. Practicing mindfulness, setting priorities, and seeking out new knowledge and insights can all contribute to gaining better control over emotions.","[""I squirm to avoid it.But if there weren't something real there, why would I squirm?The fact is, once you have kids, you're probably going to caremore about them than you do about yourself. And attention is azero-sum game. Only one idea at a time can be the top idea inyour mind. Once you have kids, it will often be your kids, and thatmeans it will less often be some project you're working on.I have some hacks for sailing close to this wind. For example,when I write essays, I think about what I'd want my kids to know.That drives me to get things right. And when I was writing Bel, Itold my kids that once I finished it I'd take them to Africa. Whenyou say that sort of thing to a little kid, they treat it as a promise.Which meant I had to finish or I'd be taking away their trip toAfrica."", ""Obviously you don't have to be working at the exact momentyou have the idea, but you'll probably have been working fairlyrecently.[16] Some say psychoactive drugs have a similar effect. I'mskeptical, but also almost totally ignorant of their effects.[17] For example you might give the nth most important topic(m-1)/m^n of your attention, for some m > 1. You couldn'tallocate your attention so precisely, of course, but this at leastgives an idea of a reasonable distribution.[18] The principles defining a religion have to be mistaken.Otherwise anyone might adopt them, and there would be nothingto distinguish the adherents of the religion from everyone else.[19] It might be a good exercise to try writing down a list ofquestions you wondered about in your youth. You might findyou're now in a position to do something about some of them.[20]"", 'But I didn\'t feel it at all.""Better you than me,"" I was thinking.Now when people have babies I congratulate thementhusiastically and I mean it. Especially the first one. I feel likethey just got the best gift in the world.What changed, of course, is that I had kids. Something I dreadedturned out to be wonderful.Partly, and I won\'t deny it, this is because of serious chemicalchanges that happened almost instantly when our first child wasborn. It was like someone flipped a switch. I suddenly feltprotective not just toward our child, but toward all children. As Iwas driving my wife and new son home from the hospital, Iapproached a crosswalk full of pedestrians, and I found myselfthinking ""I have to be really careful of all these people. Every oneof them is someone\'s child!""So to some extent you can\'t trust me when I say having kids isgreat.', ""Both can work, but both have drawbacks: in the firstapproach your work is compromised by default, and in the secondyou have to fight to get time to do it.[10] If you set your life up right, it will deliver the focus-relaxcycle automatically. The perfect setup is an office you work in andthat you walk to and from.[11] There may be some very unworldly people who do greatwork without consciously trying to. If you want to expand thisrule to cover that case, it becomes: Don't try to be anythingexcept the best.[12] This gets more complicated in work like acting, where thegoal is to adopt a fake persona. But even here it's possible to beaffected. Perhaps the rule in such fields should be to avoidunintentional affectation.""]","['Having KidsHow to Do Great Work-Paul-Graham.pdf, p.2', 'How to Do Great Work-Paul-Graham.pdf, p.25', 'Having KidsHow to Do Great Work-Paul-Graham.pdf, p.0', 'How to Do Great Work-Paul-Graham.pdf, p.24']"
How can I increase my productivity?," Based on the article by James Clear titled ""The Ultimate Productivity Hack is Saying No"" posted on his website, the strategy to increase productivity suggested is learning to say no effectively. As you progress in your career and become more successful, your time becomes a valuable asset, and it's essential to protect it from distractions and unproductive opportunities.

The article suggests several reasons why saying no can help increase productivity:

1. Eliminate Obvious Distractions: As you improve and succeed, your opportunity cost of time increases. You need to eliminate obvious distractions and continually raise the threshold for saying yes to new opportunities, making space for great uses of your time.
2. Protect Your Time: Your time is your most valuable asset, and it's essential to protect it from being stolen by others. Saying no helps you retain control over how you spend your time and focus on what matters most.
3. Apply the ""If I had to do this today"" Rule: A useful trick for deciding whether to commit to something is to ask yourself if you would agree to do it that day. If an opportunity excites you enough to drop whatever you're doing, then it's a yes. Otherwise, consider saying no.
4. Consider Necessity: Many obligations are not necessary and can be eliminated with a simple ""no."" Prioritizing your time and energy on essential tasks can lead to increased productivity.
5. Overcome Fear of Saying No: People often agree to requests out of fear of being seen as rude, arrogant, or unhelpful. However, learning to say no effectively is an essential skill for increasing productivity and achieving your goals.

In summary, saying no effectively is a crucial productivity hack that can help you protect your time, focus on what matters, and make space for great opportunities. It may take practice and courage, but the benefits are worth it.","['2024-04-11 14:35The Ultimate Productivity Hack is Saying No - James Clear Sidan 9 av 14https://jamesclear.com/saying-noUpgrading Your NoOver time, as you continue toimprove and succeed, yourstrategy needs to change.!e opportunity cost of yourtime increases as you becomemore successful. At #rst, youjust eliminate the obviousdistractions and explore therest. As your skills improve andyou learn to separate whatworks from what doesn’t, youhave to continually increaseyour threshold for saying yes.Y ou still need to say no todistractions, but you also needto learn to say no toopportunities that werepreviously good uses of time,so you can make space for greatuses of time. It’s a goodproblem to have, but it can be atough skill to master.In other words, you have to', '2024-04-11 14:35The Ultimate Productivity Hack is Saying No - James Clear Sidan 7 av 14https://jamesclear.com/saying-nonet provided by power, money,and authority. But it is also truethat saying no is not merely aprivilege reserved for thesuccessful among us. It is also astrategy that can help youbecome successful.Saying no is an important skillto develop at any stage of yourcareer because it retains themost important asset in life:your time. As the investorPedro Sorrentino put it, “If youdon’t guard your time, peoplewill steal it from you. ”Y ou need to say no to whateverisn’t leading you toward yourgoals. Y ou need to say no todistractions. As one reader toldme, “If you broaden thede#nition as to how you applyno, it actually is the onlyproductivity hack (as youultimately say no to anydistraction in order to beproductive). ”', '2024-04-11 14:35The Ultimate Productivity Hack is Saying No - James Clear Sidan 11 av 14https://jamesclear.com/saying-noyou may #nd the followingstrategy proposed by TimHarford, the British economistI mentioned earlier, to behelpful. He writes, “One trick isto ask, “If I had to do thistoday, would I agree to it?” It’snot a bad rule of thumb, sinceany future commitment, nomatter how far away it mightbe, will eventually become animminent problem. ”If an opportunity is excitingenough to drop whateveryou’re doing right now, then it’sa yes. If it’s not, then perhapsyou should think twice.!is is similar to the well-known “Hell Y eah or No”method from Derek Sivers. Ifsomeone asks you to dosomething and your #rstreaction is “Hell Y eah!” , then doit. If it doesn’t excite you, thensay no.It’s impossible to remember to', '2024-04-11 14:35The Ultimate Productivity Hack is Saying No - James Clear Sidan 3 av 14https://jamesclear.com/saying-noobligations even though wewere the ones who said yes tothem in the #rst place.It’s worth asking if things arenecessary. Many of them arenot, and a simple “no” will bemore productive than whateverwork the most e$cient personcan muster.But if the bene#ts of saying noare so obvious, then why do wesay yes so o""en?Why We Say YesWe agree to many requests notbecause we want to do them,but because we don’t want to beseen as rude, arrogant, orunhelpful. O""en, you have toconsider saying no to someoneyou will interact with again inthe future—your co-worker,your spouse, your family andfriends.']","['The Ultimate Productivity Hack is Saying No - James Clear.pdf, p.7', 'The Ultimate Productivity Hack is Saying No - James Clear.pdf, p.5', 'The Ultimate Productivity Hack is Saying No - James Clear.pdf, p.9', 'The Ultimate Productivity Hack is Saying No - James Clear.pdf, p.1']"
How can I enhance my focus?," Based on the context provided in the given text, here are some suggestions to enhance your focus:

1. Prioritize your work: Try to give the most important topics in your work the majority of your attention, while allocating less time to less important tasks. This will help you stay focused on what truly matters.
2. Avoid distractions: Both during work and relaxation periods, avoid distractions that take away your focus from what you are doing. This includes limiting the use of social media, turning off notifications, and setting aside specific times for checking emails.
3. Cultivate your taste: Continuously cultivate your taste in your field of work to stay focused and motivated. This will help you identify the best practices and set clear goals for yourself.
4. Interleave daydreaming with deliberate work: Allow yourself time for daydreaming, but ensure that it is interleaved with deliberate work that feeds your questions and ideas. This will help you maintain focus while also allowing your mind to wander creatively.
5. Set up a conducive environment: Create an office setup that delivers the focus-relax cycle automatically. Walking to and from this office can help establish a clear boundary between work and relaxation periods, making it easier to stay focused during work hours.
6. Practice mindfulness: Develop mindfulness practices such as meditation or deep breathing exercises to help improve your focus and concentration. These practices have been shown to reduce stress and anxiety, which can interfere with your ability to focus.
7. Stay motivated: Finally, stay motivated by setting clear goals for yourself and celebrating small victories along the way. This will help you maintain a positive attitude towards your work and stay focused on achieving your objectives.","[""Obviously you don't have to be working at the exact momentyou have the idea, but you'll probably have been working fairlyrecently.[16] Some say psychoactive drugs have a similar effect. I'mskeptical, but also almost totally ignorant of their effects.[17] For example you might give the nth most important topic(m-1)/m^n of your attention, for some m > 1. You couldn'tallocate your attention so precisely, of course, but this at leastgives an idea of a reasonable distribution.[18] The principles defining a religion have to be mistaken.Otherwise anyone might adopt them, and there would be nothingto distinguish the adherents of the religion from everyone else.[19] It might be a good exercise to try writing down a list ofquestions you wondered about in your youth. You might findyou're now in a position to do something about some of them.[20]"", ""Both can work, but both have drawbacks: in the firstapproach your work is compromised by default, and in the secondyou have to fight to get time to do it.[10] If you set your life up right, it will deliver the focus-relaxcycle automatically. The perfect setup is an office you work in andthat you walk to and from.[11] There may be some very unworldly people who do greatwork without consciously trying to. If you want to expand thisrule to cover that case, it becomes: Don't try to be anythingexcept the best.[12] This gets more complicated in work like acting, where thegoal is to adopt a fake persona. But even here it's possible to beaffected. Perhaps the rule in such fields should be to avoidunintentional affectation."", 'Whatever seems to you excitinglyambitious. As you grow older and your taste in projects evolves,exciting and important will converge. At 7 it may seem excitingly', ""You can't just walk arounddaydreaming. The daydreaming has to be interleaved withdeliberate work that feeds it questions. [10]Everyone knows to avoid distractions at work, but it's alsoimportant to avoid them in the other half of the cycle. When youlet your mind wander, it wanders to whatever you care aboutmost at that moment. So avoid the kind of distraction that pushesyour work out of the top spot, or you'll waste this valuable type ofthinking on the distraction instead. (Exception: Don't avoid love.)Consciously cultivate your taste in the work done in your field.Until you know which is the best and what makes it so, you don'tknow what you're aiming for.And that is what you're aiming for, because if you don't try to bethe best, you won't even be good.""]","['How to Do Great Work-Paul-Graham.pdf, p.25', 'How to Do Great Work-Paul-Graham.pdf, p.24', 'How to Do Great Work-Paul-Graham.pdf, p.0', 'How to Do Great Work-Paul-Graham.pdf, p.6']"
Why is continuous learning important for personal development?," Continuous learning is crucial for personal development due to several reasons. firstly, education, whether it be in a formal classroom setting or self-directed, lays the foundation for broadening our knowledge and understanding of the world around us. However, it's important to note that classes and tests are not inherently necessary for learning; they're merely tools used in traditional educational systems. Instead, we should view our education as a personal project, with teachers serving as facilitators rather than authorities.

Secondly, great work is produced through consistent focus on something genuinely interesting to us. This notion of compounding effort can be observed in various aspects of life. For instance, writing a single page each day may seem insignificant, but it results in a completed book after a year. The key lies in maintaining consistency and embracing the cumulative effect of our work.

One notable example of this concept is learning itself – the more we learn about a subject, the easier it becomes to acquire new knowledge on the same topic. Similar phenomena can be observed in growing an audience or mastering a skill. While exponential growth may seem slow at first, it has the potential to yield extraordinary results with enough effort and dedication.

Lastly, continuous learning is essential for personal development as it allows us to adapt to new challenges and opportunities throughout our lives. Embracing the mindset of a lifelong learner empowers us to face obstacles with resilience, innovate solutions, and broaden our horizons. As Socrates once said, ""I know that I am intelligent because I know that I know nothing."" By acknowledging the limitless potential for growth, we remain open-minded and committed to personal development.

Additionally, continuous learning is a valuable investment in ourselves that can lead to numerous benefits such as increased creativity, problem-solving abilities, and overall well-being. It's essential to remember that learning does not have to be a burden; if you are pursuing something genuinely interesting, the process will likely feel less burdensome than for those who lack passion. Ultimately, the discoveries and insights waiting to be uncovered are limitless – why not make those discoveries your own?","[""Since you were a smallchild, there was an authority at the front of the class telling all ofyou what you had to learn and then measuring whether you did.But neither classes nor tests are intrinsic to learning; they're justartifacts of the way schools are usually designed.The sooner you overcome this passivity, the better. If you're stillin school, try thinking of your education as your project, and yourteachers as working for you rather than vice versa. That mayseem a stretch, but it's not merely some weird thoughtexperiment. It's the truth, economically, and in the best case it'sthe truth intellectually as well. The best teachers don't want to beyour bosses."", ""Great work happens by focusingconsistently on something you're genuinely interested in. Whenyou pause to take stock, you're surprised how far you've come.The reason we're surprised is that we underestimate thecumulative effect of work. Writing a page a day doesn't sound likemuch, but if you do it every day you'll write a book a year. That'sthe key: consistency. People who do great things don't get a lotdone every day. They get something done, rather than nothing.If you do work that compounds, you'll get exponential growth.Most people who do this do it unconsciously, but it's worthstopping to think about. Learning, for example, is an instance ofthis phenomenon: the more you learn about something, theeasier it is to learn more."", ""Learning, for example, is an instance ofthis phenomenon: the more you learn about something, theeasier it is to learn more. Growing an audience is another: themore fans you have, the more new fans they'll bring you.The trouble with exponential growth is that the curve feels flat inthe beginning. It isn't; it's still a wonderful exponential curve. Butwe can't grasp that intuitively, so we underrate exponentialgrowth in its early stages.Something that grows exponentially can become so valuable thatit's worth making an extraordinary effort to get it started. Butsince we underrate exponential growth early on, this too is mostly"", ""You don't have to tellanyone. And if it's too hard and you fail, so what? Lots of peoplehave worse problems than that. In fact you'll be lucky if it's theworst problem you have.Yes, you'll have to work hard. But again, lots of people have towork hard. And if you're working on something you find veryinteresting, which you necessarily will if you're on the right path,the work will probably feel less burdensome than a lot of yourpeers'.The discoveries are out there, waiting to be made. Why not byyou?""]","['How to Do Great Work-Paul-Graham.pdf, p.17', 'How to Do Great Work-Paul-Graham.pdf, p.5', 'How to Do Great Work-Paul-Graham.pdf, p.5', 'How to Do Great Work-Paul-Graham.pdf, p.23']"
How can one overcome the fear of failure?," To overcome the fear of failure, one can adopt several strategies. Firstly, it's essential to recognize that everyone encounters setbacks and experiences failure at some point in their lives. It's a natural part of the learning process, and every discovery or breakthrough comes after numerous attempts and missteps.

One way to approach this challenge is to shift your perspective on failure. Instead of viewing it as a negative outcome, consider it an opportunity for growth and learning. This mindset change can help you become more resilient and less afraid of making mistakes.

Another strategy is to break down large tasks into smaller, manageable steps. By focusing on the incremental progress rather than the final goal, you may find that the fear of failure diminishes. Additionally, setting realistic expectations for yourself and acknowledging that everyone has limitations can help alleviate some of the pressure and anxiety surrounding the possibility of failure.

Furthermore, seeking support from others – friends, family, or mentors – can be an effective way to cope with the fear of failure. Sharing your thoughts, ideas, and concerns with those who understand your situation can provide valuable insight, encouragement, and a renewed sense of determination.

Moreover, embracing the idea of being a rule-breaker and allowing yourself to explore overlooked or unconventional ideas can lead to new discoveries and innovations. This approach requires turning off filters that may be holding you back due to fear, modesty, or risk aversion. Remember that many great ideas and inventions were initially dismissed as being too weird, too risky, or too much work.

Lastly, it's essential to maintain a positive attitude towards yourself and your abilities. Instead of comparing yourself to others or dwelling on setbacks, focus on the progress you have made and the skills you have gained along the way. By adopting this mindset, you'll be better equipped to face challenges and overcome the fear of failure.

In summary, overcoming the fear of failure requires a shift in perspective, embracing small steps, seeking support from others, exploring new ideas, and maintaining a positive attitude towards yourself. Remember that failure is a natural part of growth, and every discovery or breakthrough comes after numerous attempts and missteps. So take calculated risks, persist through setbacks, and never give up on your dreams.","[""Probably a comicallyclose match. It's just a question of finding it, and how far into ityour ability and interest can take you. And you can only answerthat by trying.Many more people could try to do great work than do. What holdsthem back is a combination of modesty and fear. It seems"", ""But in questions that really matter, only rule-breakerscan be truly strict.An overlooked idea often doesn't lose till the semifinals. You dosee it, subconsciously, but then another part of your subconsciousshoots it down because it would be too weird, too risky, too muchwork, too controversial. This suggests an exciting possibility: ifyou could turn off such filters, you could see more new ideas.One way to do that is to ask what would be good ideas forsomeone else to explore. Then your subconscious won't shootthem down to protect you.You could also discover overlooked ideas by working in the otherdirection: by starting from what's obscuring them. Everycherished but mistaken principle is surrounded by a dead zone ofvaluable ideas that are unexplored because they contradict it.Religions are collections of cherished but mistaken principles."", ""You don't have to tellanyone. And if it's too hard and you fail, so what? Lots of peoplehave worse problems than that. In fact you'll be lucky if it's theworst problem you have.Yes, you'll have to work hard. But again, lots of people have towork hard. And if you're working on something you find veryinteresting, which you necessarily will if you're on the right path,the work will probably feel less burdensome than a lot of yourpeers'.The discoveries are out there, waiting to be made. Why not byyou?"", 'But this cycle also operates in the other direction: if you\'renot doing good work, that can demoralize you and make it evenharder to. Since it matters so much for this cycle to be running inthe right direction, it can be a good idea to switch to easier workwhen you\'re stuck, just so you start to get something done.One of the biggest mistakes ambitious people make is to allowsetbacks to destroy their morale all at once, like a balloonbursting. You can inoculate yourself against this by explicitlyconsidering setbacks a part of your process. Solving hardproblems always involves some backtracking.Doing great work is a depth-first search whose root node is thedesire to. So ""If at first you don\'t succeed, try, try again"" isn\'tquite right. It should be: If at first you don\'t succeed, either tryagain, or backtrack and then try again.""Never']","['How to Do Great Work-Paul-Graham.pdf, p.22', 'How to Do Great Work-Paul-Graham.pdf, p.12', 'How to Do Great Work-Paul-Graham.pdf, p.23', 'How to Do Great Work-Paul-Graham.pdf, p.20']"
What routines can I do to improve my mental health?," Based on the context provided in James Clear's article, there are several routines suggested by readers who have built better habits to improve their mental health. Here are some of them:

1. Identity-based habits: Focusing on becoming the type of person you wish to be instead of the outcome you wish to achieve is an effective way to build identity-based habits for better mental health. For instance, a reader named Roland focused on building a habit of being more patient by reminding himself to take deep breaths when he felt agitated.
2. Environment Design: Reducing friction in your environment can help foster good habits for better mental health. A reader named Natalie picked up her cluttered clothes and built better cleaning habits simply by reducing the number of steps required to put things away. Similarly, another reader named Justin went to a gym that was less than a mile from his house, removing the time and inconvenience excuses that prevented him from working out consistently.
3. Tiny Habits: Another effective strategy is to pick a very tiny version of a habit and track it. For example, a reader named Günter started tracking the habit of reading one page each day for the last month. A simple and consistent routine like this can help build momentum for better mental health habits over time.
4. Eliminating Barriers: Removing obstacles that prevent you from engaging in healthy routines is another way to improve your mental health. For instance, a reader named Rahul removed his graphic card to kill his gaming addiction and uninstalled apps and removed the Chrome browser for excessive net surfing on mobile devices.
5. Consistency: Building consistent habits is key to maintaining good mental health. A reader named Chris started tracking his moods every day using an app, which helped him identify patterns and triggers that affected his mental wellbeing. Consistent practices like meditation, journaling, or exercise can help improve your mental health in the long run.

In summary, the routines suggested by readers in James Clear's article to improve mental health include focusing on identity-based habits, reducing friction in your environment, adopting tiny habits, eliminating barriers, and practicing consistency.","['2024-04-11 14:3930 One-Sentence Stories From People Who Have Built Better Habits - James Clear Sidan 24 av 27https://jamesclear.com/one-sentence-habits!e easiest way to starttracking your habits is touse the templatesprovided in the HabitJournal. It will make thewhole process a breeze.My favorite approach is topick a very tiny version ofyour habit and track that.For example, I have beentracking the habit of“reading 1 page” for thelast month. One readernamed Günter didsomething similar. “I’vedone a simple workoutevery day for over half ayear now. I managed tostick to it by changing thescope: when I don’t havetime for a full set or don’tfeel like it, instead ofskipping altogether, I doan abbreviated session. Ialso mark it in mycalendar. ”', '2024-04-11 14:3930 One-Sentence Stories From People Who Have Built Better Habits - James Clear Sidan 3 av 27https://jamesclear.com/one-sentence-habitsthey will spark some ideasfor how you can do thesame.I have divided the storiesinto categories thatroughly correspond todi""erent sections or ideasin the book.Identity-basedhabitsOne of the central ideasin the book is the conceptof building “identity-based habits”, whichessentially recommendsfocusing on the type ofperson you wish tobecome rather than theoutcome you wish toachieve.One reader namedRoland used the idea to', '2024-04-11 14:3930 One-Sentence Stories From People Who Have Built Better Habits - James Clear Sidan 15 av 27https://jamesclear.com/one-sentence-habitsthe number of stepsbetween her and thelaundry basket. “I quitleaving my socks all overthe %oor by putting a littlebasket beside the door tocollect them in. ”Similar strategies can beparticularly useful forbuilding new exercisehabits.One reader named Justinsent me the followingmessage: “I started goingto a gym that was lessthan a mile from myhouse. !is took away thetime and inconvenienceexcuses. I was neverconsistent at exercise, butnow I work out 8-10x aweek. Cross$t, running,and cycling. I’ve beengoing strong for 2.5years. ”', '2024-04-11 14:3930 One-Sentence Stories From People Who Have Built Better Habits - James Clear Sidan 14 av 27https://jamesclear.com/one-sentence-habitsand logging in manuallywas enough barrier forme to not get back on. ”And Rahul did somethingsimilar to kill his videogame habit. “For gamingaddiction, I removed mygraphic card, ” he wrote.“For excessive net sur$ngon mobile, I uninstalledapps and removed theChrome browser. ”EnvironmentDesign, Part IIIOn the %ip side, you canfoster good habits byreducing the friction inyour environment.Natalie started picking upher cluttered clothes andbuilding better cleaninghabits simply by reducing']","['30 One-Sentence Stories From People Who Have Built Better Habits - James Clear.pdf, p.22', '30 One-Sentence Stories From People Who Have Built Better Habits - James Clear.pdf, p.1', '30 One-Sentence Stories From People Who Have Built Better Habits - James Clear.pdf, p.13', '30 One-Sentence Stories From People Who Have Built Better Habits - James Clear.pdf, p.12']"
What are the key factors in building successful business partnerships?," Based on the context provided by Paul Graham in his essay ""Why Do Inept People Fail as Startup Founders, and the Secret to Doing Great Work,"" he suggests that mean people are less likely to build successful business partnerships for several reasons.

Firstly, being mean makes you stupid. According to Graham, winning in a fight is not about thinking of big ideas but rather about employing tricks that work in one specific situation. Mean people engage in fights frequently, and these conflicts take away valuable time and energy that could have been spent on creating innovative solutions or growing the business.

Secondly, successful startups often attract the best talent, and mean people struggle to convince these individuals to join their team. The best people have other options, and they are less likely to work for someone who is perceived as mean.

Lastly, building great things requires a spirit of benevolence. Successful startup founders are driven by something beyond just money. They keep going despite the challenges because they are passionate about their vision and are motivated by a desire to create value for their customers and stakeholders.

In summary, to build successful business partnerships, it is essential to cultivate positive relationships based on respect, trust, and a shared vision for success. Being mean or engaging in frequent conflicts can hinder the ability to attract and retain top talent and can detract from the focus required to create innovative solutions and grow the business. Instead, founders should strive to be driven by a spirit of benevolence and a desire to create value for all parties involved.","[""Being married to heris like standing next to an airport baggage scanner. She came tothe startup world from investment banking, and she has alwaysbeen struck both by how consistently successful startup foundersturn out to be good people, and how consistently bad people failas startup founders.Why? I think there are several reasons. One is that being meanmakes you stupid. That's why I hate fights. You never do yourbest work in a fight, because fights are not sufficiently general.Winning is always a function of the situation and the peopleinvolved. You don't win fights by thinking of big ideas but bythinking of tricks that work in one particular case."", ""2024-04-11 18:01Mean People Fail Sidan 2 av 3https://www.paulgraham.com/mean.htmlwith them because they need a job. But the best people haveother options. A mean person can't convince the best people towork for him unless he is super convincing. And while having thebest people helps any organization, it's critical for startups.There is also a complementary force at work: if you want to buildgreat things, it helps to be driven by a spirit of benevolence. Thestartup founders who end up richest are not the ones driven bymoney. The ones driven by money take the big acquisition offerthat nearly every successful startup gets en route. [1] The oneswho keep going are driven by something else."", '2024-04-11 17:58How to Do Great Work', '2024-04-11 17:58How to Do Great Work']","['Mean People Fail-Paul-Graham.pdf, p.0', 'Mean People Fail-Paul-Graham.pdf, p.1', 'How to Do Great Work-Paul-Graham.pdf, p.1', 'How to Do Great Work-Paul-Graham.pdf, p.13']"
How do you identify the right business partner for a startup?," Based on the context provided in the text, it appears that the author believes that to identify the right business partner for a startup, one should look for individuals who are driven by something beyond just making money, and who have a desire to improve the world. The author suggests that these types of people have a natural advantage in the startup world, as they are more likely to attract and retain talented team members, and are more likely to find success by transcending challenges rather than engaging in fights or zero-sum games.

Additionally, the author notes that mean founders often lose because they cannot get the best people to work for them. This is because people with a desire to improve the world are more attractive to potential team members and customers. Furthermore, mean founders may miss out on opportunities to collaborate and build partnerships, as they are focused on fighting instead of racing ahead.

To identify potential business partners who fit this description, the author suggests looking for individuals who share a vision for the future and a commitment to using their talents and resources to make a positive impact. This can include attending industry events, networking with other entrepreneurs, and actively seeking out opportunities to collaborate on projects or initiatives.

It's also important to note that while having a shared vision and a desire to improve the world are important qualities for a business partner, they are not the only factors to consider. Other factors such as compatibility in working styles, communication skills, and experience in relevant areas should also be taken into account. Ultimately, finding the right business partner requires careful consideration, open communication, and a willingness to build a relationship based on mutual respect and trust.","['Looking at your actions, and knowing you, I’d say that you don’treally want to start another company. You actually prefer the simple life you -00:00', ""Being married to heris like standing next to an airport baggage scanner. She came tothe startup world from investment banking, and she has alwaysbeen struck both by how consistently successful startup foundersturn out to be good people, and how consistently bad people failas startup founders.Why? I think there are several reasons. One is that being meanmakes you stupid. That's why I hate fights. You never do yourbest work in a fight, because fights are not sufficiently general.Winning is always a function of the situation and the peopleinvolved. You don't win fights by thinking of big ideas but bythinking of tricks that work in one particular case."", ""You don't win fights by thinking of big ideas but bythinking of tricks that work in one particular case. And yetfighting is just as much work as thinking about real problems.Which is particularly painful to someone who cares how theirbrain is used: your brain goes fast but you get nowhere, like a carspinning its wheels.Startups don't win by attacking. They win by transcending. Thereare exceptions of course, but usually the way to win is to raceahead, not to stop and fight.Another reason mean founders lose is that they can't get the bestpeople to work for them. They can hire people who will put up"", ""The ones driven by money take the big acquisition offerthat nearly every successful startup gets en route. [1] The oneswho keep going are driven by something else. They may not sayso explicitly, but they're usually trying to improve the world.Which means people with a desire to improve the world have anatural advantage. [2]The exciting thing is that startups are not just one random type ofwork in which meanness and success are inversely correlated.This kind of work is the future.For most of history success meant control of scarce resources.One got that by fighting, whether literally in the case of pastoralnomads driving hunter-gatherers into marginal lands, ormetaphorically in the case of Gilded Age financiers contendingwith one another to assemble railroad monopolies. For most ofhistory, success meant success at zero-sum games.""]","['Actions, not words, reveal our real values | Derek Sivers.pdf, p.0', 'Mean People Fail-Paul-Graham.pdf, p.0', 'Mean People Fail-Paul-Graham.pdf, p.0', 'Mean People Fail-Paul-Graham.pdf, p.1']"
How do I get happier?," Based on the text you provided by Derek Sivers, here are some steps suggested to increase happiness:

1. Be curious and try new things: Pursue various interests, meet new people, read books, ask questions, and be open-minded. Find what fields or topics resonate with you as you learn more about them.
2. Optimize for interestingness: Focus on fields that become increasingly interesting as you delve deeper. Strange tastes in interesting things can often lead to strong passion and productivity.
3. Avoid meanness and negativity: Being mean gets in the way of effective communication, especially when trying to resolve disagreements. Moving up the disagreement hierarchy can make people less mean and happier.
4. Stay ambitious and productive: Work regularly to achieve your goals. Ambition is important for personal growth and happiness. However, surround yourself with people who understand and support you in your endeavors.
5. Take care of your physical health: Regular exercise, eating well, and getting enough sleep contribute to a healthy body and mind. Forms of exercise like running and walking can be particularly beneficial for thinking and creativity.
6. Learn multiplying skills: Develop skills that complement your main pursuit, such as speaking, writing, psychology, design, conversation, learning a second language, persuasion, programming, meditation/focus. These skills can amplify the impact of your efforts and set you apart from others in your field.
7. Pursue market value over personal value: Focus on what has value to others, rather than just your own preferences. By catering to market demands, you're more likely to find success and ultimately increase your happiness.","[""So you need to make yourself a bigtarget for luck, and the way to do that is to be curious. Try lots ofthings, meet lots of people, read lots of books, ask lots ofquestions. [5]When in doubt, optimize for interestingness. Fields change as youlearn more about them. What mathematicians do, for example, isvery different from what you do in high school math classes. Soyou need to give different types of work a chance to show youwhat they're like. But a field should become increasinglyinteresting as you learn more about it. If it doesn't, it's probablynot for you.Don't worry if you find you're interested in different things thanother people. The stranger your tastes in interestingness, thebetter. Strange tastes are often strong ones, and a strong tastefor work means you'll be productive."", ""If you have something real to say, being mean justgets in the way.If moving up the disagreement hierarchy makes people lessmean, that will make most of them happier. Most people don'treally enjoy being mean; they do it because they can't help it.Thanks to Trevor Blackwell and Jessica Livingston for readingdrafts of this."", ""Ifyou're ambitious, you need to work; it's almost like a medicalcondition; so someone who won't let you work either doesn'tunderstand you, or does and doesn't care.Ultimately morale is physical. You think with your body, so it'simportant to take care of it. That means exercising regularly,eating and sleeping well, and avoiding the more dangerous kindsof drugs. Running and walking are particularly good forms ofexercise because they're good for thinking. [29]People who do great work are not necessarily happier thaneveryone else, but they're happier than they'd be if they didn't. Infact, if you're smart and ambitious, it's dangerous not to beproductive. People who are smart and ambitious but don't achievemuch tend to become bitter.It's ok to want to impress other people, but choose the rightpeople."", '2024-04-11 15:52How to get rich | Derek Sivers Sidan 2 av 12https://sive.rs/d1rPursue every opportunity.Nothing is too small. Do it all.Like lottery tickets, you never know which one will win. So the more, thebetter.Follow-up and keep in touch with everyone.3. Learn the multiplyingskills.Speaking, writing, psychology, design, conversation, 2nd language,persuasion, programming, meditation/focus.Not pursued on their own, they’re skills that multiply the success of yourmain pursuit.(A pilot who’s also a great writer and public speaker.)(A chef with a mastery of psychology, persuasion, and design.)These skills multiply the results of your efforts, and give you an edge overothers in your field.4. Pursue market value notpersonal value.']","['How to Do Great Work-Paul-Graham.pdf, p.2', 'How to Disagree-Paul-Graham.pdf, p.3', 'How to Do Great Work-Paul-Graham.pdf, p.21', 'How to get rich | Derek Sivers.pdf, p.1']"
How can setting personal goals contribute to a sense of fulfillment?," Setting personal goals can contribute significantly to a sense of fulfillment in several ways. The text you provided highlights some of these ways through the author's personal experiences.

First, having clear goals gives us a sense of direction and purpose. When we have something important that we are working towards, we feel motivated and engaged in our activities. This engagement can lead to feelings of satisfaction and accomplishment when we make progress towards our goals.

Second, setting goals can help us prioritize our time and energy. When we know what is most important to us, we can focus on those things and let go of distractions that don't serve our long-term interests. This focus can lead to a greater sense of control over our lives and a feeling of achievement as we make progress towards our goals.

Third, achieving personal goals can give us confidence and self-esteem. When we set and achieve goals, we demonstrate to ourselves that we are capable of taking on challenges and succeeding. This sense of competence can be a powerful source of motivation and can lead to feelings of pride and self-worth.

Fourth, setting and achieving personal goals can help us develop new skills and knowledge. When we take on challenging goals, we often have to learn new things in order to be successful. This learning process can be rewarding in and of itself and can lead to a greater sense of mastery and control over our lives.

Fifth, setting personal goals can help us connect with others and build relationships. When we share our goals with others and work together towards common objectives, we can build strong bonds of trust and cooperation. These relationships can provide us with support, encouragement, and a sense of community that can enhance our overall sense of fulfillment.

In summary, setting personal goals can contribute to a sense of fulfillment by providing direction and purpose, helping us prioritize our time and energy, building confidence and self-esteem, developing new skills and knowledge, and fostering strong relationships with others. By focusing on what is most important to us and working towards achievable objectives, we can create a rich and rewarding life experience.","[""It's exciting,and also strangely liberating. It simplifies things. In some waysit's easier to try to be the best than to try merely to be good.One way to aim high is to try to make something that people willcare about in a hundred years. Not because their opinions mattermore than your contemporaries', but because something that still"", ""I squirm to avoid it.But if there weren't something real there, why would I squirm?The fact is, once you have kids, you're probably going to caremore about them than you do about yourself. And attention is azero-sum game. Only one idea at a time can be the top idea inyour mind. Once you have kids, it will often be your kids, and thatmeans it will less often be some project you're working on.I have some hacks for sailing close to this wind. For example,when I write essays, I think about what I'd want my kids to know.That drives me to get things right. And when I was writing Bel, Itold my kids that once I finished it I'd take them to Africa. Whenyou say that sort of thing to a little kid, they treat it as a promise.Which meant I had to finish or I'd be taking away their trip toAfrica."", ""Inmy experience, when you do, you know. Which means if you'reunsure, you probably don't. But it may be possible to give a moreconcrete answer than that. Here's an attempt: sufficiently goodcolleagues offer surprising insights. They can see and do things"", ""They'remore optimistic, and even though one of the sources of theiroptimism is ignorance, in this case ignorance can sometimes beatknowledge.Try to finish what you start, though, even if it turns out to bemore work than you expected. Finishing things is not just anexercise in tidiness or self-discipline. In many projects a lot of thebest work happens in what was meant to be the final stage.Another permissible lie is to exaggerate the importance of whatyou're working on, at least in your own mind. If that helps youdiscover something new, it may turn out not to have been a lieafter all. [7]""]","['How to Do Great Work-Paul-Graham.pdf, p.6', 'Having KidsHow to Do Great Work-Paul-Graham.pdf, p.2', 'How to Do Great Work-Paul-Graham.pdf, p.19', 'How to Do Great Work-Paul-Graham.pdf, p.4']"
What are the biggest challenges in establishing partnerships?," Establishing successful partnerships can be a complex process, especially in today's business environment where collaboration and innovation often depend on effective inter-organizational relationships. Here are some of the biggest challenges in establishing partnerships, along with details based on the given context:

1. Finding the Right Partner: One of the most significant challenges is identifying a potential partner who shares similar goals, values, and a strong cultural fit. In the case mentioned above, where one party comes from investment banking, it could be challenging to find a compatible partner in the startup world due to different mindsets, work ethics, and business models.
2. Trust Building: Establishing trust is another critical challenge. Partners must have confidence in each other's abilities, intentions, and commitment to the partnership. In the context provided, the speaker mentions that people who are mean make themselves stupid. This implies that building trust may be difficult if one party has a history of untrustworthy behavior or if there is a significant power imbalance between partners.
3. Communication: Effective communication is essential for any partnership to thrive. Partners must be able to articulate their needs, expectations, and concerns clearly and honestly. In the case where one partner comes from investment banking and the other from startups, there could be a language barrier due to differing terminologies, priorities, or approaches to business.
4. Conflict Resolution: Disagreements are inevitable in any partnership. The challenge lies in how these conflicts are resolved. In the context provided, it appears that the speaker values collaboration and big ideas over winning fights through tricks. This suggests that partners must prioritize finding mutually beneficial solutions to conflicts rather than engaging in destructive confrontations.
5. Cultural Differences: Partners may belong to different organizations with distinct cultures. Bridging these cultural differences can be challenging, as each organization may have unique norms, values, and work styles. In the context of the question, it's mentioned that one party comes from investment banking, while the other is in startups. The two industries often have contrasting views on risk management, innovation, and business growth.
6. Resource Allocation: Partners must allocate resources effectively to ensure the partnership's success. This includes both human resources (skills, expertise, and time) and financial resources. In some cases, resource allocation may lead to power struggles or unequal contributions from partners, potentially undermining the partnership's foundation.
7. Legal and Contractual Issues: Partnership agreements must be well-defined and legally sound to avoid misunderstandings and disputes. This includes defining roles, responsibilities, expectations, and termination clauses, among other things. In the context provided, it's mentioned that startup founders often turn out to be good people, while bad people fail as startup founders. This may suggest an underlying belief that trust is essential in partnerships and that a solid legal framework can help mitigate risks and uncertainties.

In conclusion, establishing partnerships comes with numerous challenges that require patience, effective communication, and a willingness to adapt. By understanding these challenges and working proactively to address them, partners can build strong, mutually beneficial relationships that drive innovation and growth.","[""You don't have to tellanyone. And if it's too hard and you fail, so what? Lots of peoplehave worse problems than that. In fact you'll be lucky if it's theworst problem you have.Yes, you'll have to work hard. But again, lots of people have towork hard. And if you're working on something you find veryinteresting, which you necessarily will if you're on the right path,the work will probably feel less burdensome than a lot of yourpeers'.The discoveries are out there, waiting to be made. Why not byyou?"", ""Probably a comicallyclose match. It's just a question of finding it, and how far into ityour ability and interest can take you. And you can only answerthat by trying.Many more people could try to do great work than do. What holdsthem back is a combination of modesty and fear. It seems"", ""You notice a threadprotruding from the current paradigm and try pulling on it, and itjust gets longer and longer. So don't require a question to beobviously big before you try answering it. You can rarely predictthat. It's hard enough even to notice the thread, let alone topredict how much will unravel if you pull on it.It's better to be promiscuously curious — to pull a little bit on alot of threads, and see what happens. Big things start small. Theinitial versions of big things were often just experiments, or sideprojects, or talks, which then grew into something bigger. Sostart lots of small things.Being prolific is underrated. The more different things you try, thegreater the chance of discovering something new. Understand,though, that trying lots of things will mean trying lots of thingsthat don't work."", ""Being married to heris like standing next to an airport baggage scanner. She came tothe startup world from investment banking, and she has alwaysbeen struck both by how consistently successful startup foundersturn out to be good people, and how consistently bad people failas startup founders.Why? I think there are several reasons. One is that being meanmakes you stupid. That's why I hate fights. You never do yourbest work in a fight, because fights are not sufficiently general.Winning is always a function of the situation and the peopleinvolved. You don't win fights by thinking of big ideas but bythinking of tricks that work in one particular case.""]","['How to Do Great Work-Paul-Graham.pdf, p.23', 'How to Do Great Work-Paul-Graham.pdf, p.22', 'How to Do Great Work-Paul-Graham.pdf, p.14', 'Mean People Fail-Paul-Graham.pdf, p.0']"
How can one find a balance between work and free time to maximize happiness?," Based on the context provided, it appears that the author suggests finding a balance between work and free time by setting up one's life in a way that delivers a focus-relax cycle automatically. This can be achieved through having an office to work in and walking to and from it. The author also advises being the best at whatever one chooses to work on, which should ideally be something one has a natural aptitude for and a deep interest in.

To find this balance and maximize happiness, one could consider the following steps:

1. Identify your interests and aptitudes: Spend time exploring different fields and activities to discover what you truly enjoy and are good at. This may involve trying out various jobs or hobbies, seeking feedback from others, and reflecting on your strengths and weaknesses.
2. Set realistic goals: Once you have identified an area of work that aligns with your interests and aptitudes, set achievable goals for yourself. Break down larger objectives into smaller tasks to make progress more manageable and track your progress regularly.
3. Establish a routine: Creating a consistent daily routine can help balance work and free time. Allocate specific hours for work, meals, exercise, and relaxation. Be mindful of the activities that drain your energy and prioritize those that replenish it.
4. Learn to manage distractions: Minimize interruptions during work hours by setting boundaries with others and minimizing notifications on electronic devices. Use productivity tools like calendars, to-do lists, or time tracking apps to stay focused.
5. Prioritize self-care: Make sure you are taking care of yourself physically, emotionally, and mentally. This can include getting enough sleep, eating nutritious meals, engaging in regular physical activity, practicing stress management techniques like meditation or deep breathing exercises, and connecting with supportive friends and family members.
6. Set aside time for hobbies and leisure activities: Schedule dedicated time each week for pursuits that bring you joy and relaxation. This could include reading, gardening, painting, playing a musical instrument, or engaging in social activities with friends.
7. Maintain a positive mindset: Cultivate a growth mindset by focusing on the progress you have made rather than dwelling on setbacks. Surround yourself with positive influences and seek out opportunities for personal and professional growth. Remember that it's normal to experience challenges, but with persistence and resilience, you can overcome them.
8. Stay adaptable: Be open to change and willing to adjust your approach as circumstances evolve. This may involve learning new skills, seeking out new opportunities, or re-evaluating your priorities. Embrace uncertainty and view it as an opportunity for growth rather than a source of stress.","[""Both can work, but both have drawbacks: in the firstapproach your work is compromised by default, and in the secondyou have to fight to get time to do it.[10] If you set your life up right, it will deliver the focus-relaxcycle automatically. The perfect setup is an office you work in andthat you walk to and from.[11] There may be some very unworldly people who do greatwork without consciously trying to. If you want to expand thisrule to cover that case, it becomes: Don't try to be anythingexcept the best.[12] This gets more complicated in work like acting, where thegoal is to adopt a fake persona. But even here it's possible to beaffected. Perhaps the rule in such fields should be to avoidunintentional affectation."", ""following recipe assumes you're very ambitious.The first step is to decide what to work on. The work you chooseneeds to have three qualities: it has to be something you have anatural aptitude for, that you have a deep interest in, and thatoffers scope to do great work.In practice you don't have to worry much about the thirdcriterion. Ambitious people are if anything already tooconservative about it. So all you need to do is find something youhave an aptitude for and great interest in. [1]That sounds straightforward, but it's often quite difficult. Whenyou're young you don't know what you're good at or whatdifferent kinds of work are like. Some kinds of work you end updoing may not even exist yet. So while some people know whatthey want to do at 14, most have to figure it out.The way to figure out what to work on is by working."", '2024-04-11 17:58How to Do Great Work', '2024-04-11 17:58How to Do Great Work']","['How to Do Great Work-Paul-Graham.pdf, p.24', 'How to Do Great Work-Paul-Graham.pdf, p.0', 'How to Do Great Work-Paul-Graham.pdf, p.25', 'How to Do Great Work-Paul-Graham.pdf, p.26']"
How do I find a life partner?," Based on the context of the text you provided, here are some insights on how to find a life partner:

1. Find someone who understands your need to work and does not see it as competition for your attention. This person should be supportive of your ambitions and encourage you to pursue your goals.
2. Seek out people who increase your energy rather than decrease it. The people you spend time with can have a significant impact on your morale, so surround yourself with those who uplift and inspire you.
3. Avoid letting intermediaries come between you and your audience if possible. In some cases, this may not be avoidable, but the freedom of going direct to your audience can be liberating and motivating.
4. Cultivate a positive outlook on life and view yourself as lucky rather than a victim. A strong sense of optimism can help you stay focused and motivated in your pursuits, both personal and professional.
5. Take care of any relationships that are important to you, even if they may not be directly related to finding a life partner. Your morale is the foundation for everything, so nurturing and protecting it should be a priority.
6. Lastly, keep in mind that everyone's path to finding a life partner is unique. It may take time and effort to find someone who complements you and shares your values, but the reward is worth it. Don't give up on the idea of love, but also don't force it. Allow yourself to grow and learn from each experience, and trust that the right person will come along when the time is right.","[""Probably a comicallyclose match. It's just a question of finding it, and how far into ityour ability and interest can take you. And you can only answerthat by trying.Many more people could try to do great work than do. What holdsthem back is a combination of modesty and fear. It seems"", ""[27]Husband your morale. It's the basis of everything when you'reworking on ambitious projects. You have to nurture and protect itlike a living organism.Morale starts with your view of life. You're more likely to do greatwork if you're an optimist, and more likely to if you think ofyourself as lucky than if you think of yourself as a victim.Indeed, work can to some extent protect you from yourproblems. If you choose work that's pure, its very difficulties willserve as a refuge from the difficulties of everyday life. If this isescapism, it's a very productive form of it, and one that has beenused by some of the greatest minds in history.Morale compounds via work: high morale helps you do goodwork, which increases your morale and helps you do even betterwork."", ""If a handful of peoplegenuinely love what you're doing, that's enough.To the extent you can, avoid letting intermediaries come betweenyou and your audience. In some types of work this is inevitable,but it's so liberating to escape it that you might be better offswitching to an adjacent type if that will let you go direct. [28]The people you spend time with will also have a big effect on yourmorale. You'll find there are some who increase your energy andothers who decrease it, and the effect someone has is not alwayswhat you'd expect. Seek out the people who increase your energyand avoid those who decrease it. Though of course if there'ssomeone you need to take care of, that takes precedence.Don't marry someone who doesn't understand that you need towork, or sees your work as competition for your attention."", 'Looking at your actions, and knowing you, I’d say that you don’treally want to start another company. You actually prefer the simple life you -00:00']","['How to Do Great Work-Paul-Graham.pdf, p.22', 'How to Do Great Work-Paul-Graham.pdf, p.20', 'How to Do Great Work-Paul-Graham.pdf, p.21', 'Actions, not words, reveal our real values | Derek Sivers.pdf, p.0']"
What habits should I form to be happier?," Based on the context provided by James Clear's article ""One-Sentence Stories From People Who Have Built Better Habits,"" there are several habits suggested by individuals who have built better habits and improved their lives. Here are some identity-based habits that might help you be happier:

1. Strike up conversations with people: This habit can be as simple as talking to a taxi driver or striking up a conversation with someone at the grocery store. By focusing on building relationships and connecting with others, you may find increased happiness and fulfillment in your daily life.
2. Meditate for a specific amount of time every day: Some individuals have found that meditation helps them reduce stress and anxiety, leading to greater happiness. One reader mentioned that meditating for 20 minutes a day after brushing their teeth helped them develop this habit.
3. Create routines around existing habits: Another effective strategy is to stack new habits onto existing ones. For example, one person mentioned that they turned off their alarm, went to the bathroom, and brushed their teeth as soon as they woke up. By linking a new habit (such as meditation or exercise) to an existing habit, you may find it easier to establish and maintain the new behavior.
4. Focus on becoming the type of person you wish to be: Another central idea in the book is building ""identity-based habits."" This means focusing on the type of person you wish to become rather than the outcome you wish to achieve. For example, if you want to be more confident, try acting confidently even when you don't feel it yet. Over time, this behavior may help you develop the confidence you desire.
5. Practice positive self-talk: Another reader mentioned that asking herself what a healthy person would do helped her make better choices and establish healthier habits. By focusing on positive self-talk and visualizing yourself as someone who makes good choices and is happy, you may find it easier to adopt new habits that contribute to greater happiness in your life.","[""2024-04-11 14:3930 One-Sentence Stories From People Who Have Built Better Habits - James Clear Sidan 9 av 27https://jamesclear.com/one-sentence-habits“When I $rst moved toChina and started to learnMandarin, I committed tostrike up a conversationwith the taxi driverwhenever I went into acab (I took a lot of cabrides, 5+ daily). I did itfor 2 years no matter thetime of day or how tired Iwas. I now speak %uentChinese. ”Similarly, a reader namedDavid told me, “Imeditate for 20 minutesa#er brushing my teeth inthe morning. Linkingnew habits onto akeystone one seems towork. ”Y ou’ll $nd all sorts ofhabit stacking examplesin Chapter 5 of AtomicHabits.Weekly wisdom you can read in 5 minutes. Add the free 3-2-1Newsletter to your inbox. Your email addressI'M IN!"", '2024-04-11 14:3930 One-Sentence Stories From People Who Have Built Better Habits - James Clear Sidan 12 av 27https://jamesclear.com/one-sentence-habits!e phone then became ahabit stack. !e $rst thingI do when I wake up: turno"" alarm, go tobathroom, brush teeth,etc. ”One of my favoriteexamples was sent to meby J. Money, the personal$nance blogger. Hewrote, “I brush my teethright a#er putting mykids to bed every night(8pm), which hasprevented me from eatingor drinking (alcohol) atnight for years… ‘Cuzwho wants to re-brushthem again!”It’s a great example ofcreating just enoughfriction to keep your badhabits at bay.', '2024-04-11 14:42World Chess Champion Garry Kasparov on How to Build Confidence Sidan 9 av 12https://jamesclear.com/kasparov-confidencecon""dent poses can increasecon""dence and decreaseanxiety.Cuddy’s research subjectsexperienced actual biologicalchanges in their hormoneproduction includingincreased testosterone levels(which is linked tocon""dence) and decreasedcortisol levels (which islinked to stress and anxiety).!ese ""ndings go beyond thepopular fake it until youmake it philosophy.According to Cuddy, you can“fake it until you become it. ”How to BuildConﬁdenceWhen my friend Beck Tenchbegan her weight lossjourney, she repeatedly askedherself the question, “Whatwould a healthy person do?”', '2024-04-11 14:3930 One-Sentence Stories From People Who Have Built Better Habits - James Clear Sidan 3 av 27https://jamesclear.com/one-sentence-habitsthey will spark some ideasfor how you can do thesame.I have divided the storiesinto categories thatroughly correspond todi""erent sections or ideasin the book.Identity-basedhabitsOne of the central ideasin the book is the conceptof building “identity-based habits”, whichessentially recommendsfocusing on the type ofperson you wish tobecome rather than theoutcome you wish toachieve.One reader namedRoland used the idea to']","['30 One-Sentence Stories From People Who Have Built Better Habits - James Clear.pdf, p.7', '30 One-Sentence Stories From People Who Have Built Better Habits - James Clear.pdf, p.10', 'World Chess Champion Garry Kasparov on How to Build Confidence-James-Clear.pdf, p.7', '30 One-Sentence Stories From People Who Have Built Better Habits - James Clear.pdf, p.1']"
What habits should I avoid?," Based on the context provided from James Clear's article ""One-Sentence Stories From People Who Have Built Better Habits,"" it appears that people have successfully built better habits by removing barriers or increasing friction to avoid unwanted habits. Here are some examples of habits that people have avoided or minimized by altering their environment:

1. Gaming addiction: Rahul removed his graphic card, and for excessive net surfing on mobile, he uninstalled apps and removed the Chrome browser.
2. Clutter and building better cleaning habits: Natalie reduced clutter by making it easier to pick up clothes and build better cleaning habits.
3. Tracking habits: One reader finds it easiest to start tracking habits using the templates provided in the Habit Journal. Another reader, Günter, started with a small habit of reading one page each day.
4. Phone use: One reader created a habit stack by doing specific tasks such as turning off the alarm and going to the bathroom immediately after waking up. J. Money brushed his teeth right after putting his kids to bed every night to prevent himself from eating or drinking at night.
5. Social media: A reader significantly cut down on mindless Instagram time by logging out of the app, and another deleted Facebook and had to go through the extra step of visiting the website.

To avoid bad habits, consider reducing friction in your environment by making it more difficult to engage in unwanted behaviors or increasing the effort required to do so. This could include uninstalling apps, removing temptations, creating habit stacks, or setting up reminders and rewards for good habits. The key is to make the desired behavior easier and the undesired behavior harder to do.","['2024-04-11 14:3930 One-Sentence Stories From People Who Have Built Better Habits - James Clear Sidan 14 av 27https://jamesclear.com/one-sentence-habitsand logging in manuallywas enough barrier forme to not get back on. ”And Rahul did somethingsimilar to kill his videogame habit. “For gamingaddiction, I removed mygraphic card, ” he wrote.“For excessive net sur$ngon mobile, I uninstalledapps and removed theChrome browser. ”EnvironmentDesign, Part IIIOn the %ip side, you canfoster good habits byreducing the friction inyour environment.Natalie started picking upher cluttered clothes andbuilding better cleaninghabits simply by reducing', '2024-04-11 14:3930 One-Sentence Stories From People Who Have Built Better Habits - James Clear Sidan 24 av 27https://jamesclear.com/one-sentence-habits!e easiest way to starttracking your habits is touse the templatesprovided in the HabitJournal. It will make thewhole process a breeze.My favorite approach is topick a very tiny version ofyour habit and track that.For example, I have beentracking the habit of“reading 1 page” for thelast month. One readernamed Günter didsomething similar. “I’vedone a simple workoutevery day for over half ayear now. I managed tostick to it by changing thescope: when I don’t havetime for a full set or don’tfeel like it, instead ofskipping altogether, I doan abbreviated session. Ialso mark it in mycalendar. ”', '2024-04-11 14:3930 One-Sentence Stories From People Who Have Built Better Habits - James Clear Sidan 12 av 27https://jamesclear.com/one-sentence-habits!e phone then became ahabit stack. !e $rst thingI do when I wake up: turno"" alarm, go tobathroom, brush teeth,etc. ”One of my favoriteexamples was sent to meby J. Money, the personal$nance blogger. Hewrote, “I brush my teethright a#er putting mykids to bed every night(8pm), which hasprevented me from eatingor drinking (alcohol) atnight for years… ‘Cuzwho wants to re-brushthem again!”It’s a great example ofcreating just enoughfriction to keep your badhabits at bay.', '2024-04-11 14:3930 One-Sentence Stories From People Who Have Built Better Habits - James Clear Sidan 13 av 27https://jamesclear.com/one-sentence-habitsEnvironmentDesign, Part IITypically, we think ofdesigning physical spaces,but you can use the sameprinciples to shape yourdigital environment aswell. For instance, areader named Matthewwrote to me and said, “Isigni$cantly cut down onmindless Instagram time.Simply logging out of theapp makes a bigdi""erence. ”Another reader namedViet went even further. “Iused my own laziness tomy own advantage withmy bad habit of browsingFacebook. DeletingFacebook and having togo through the one extrastep of going to website']","['30 One-Sentence Stories From People Who Have Built Better Habits - James Clear.pdf, p.12', '30 One-Sentence Stories From People Who Have Built Better Habits - James Clear.pdf, p.22', '30 One-Sentence Stories From People Who Have Built Better Habits - James Clear.pdf, p.10', '30 One-Sentence Stories From People Who Have Built Better Habits - James Clear.pdf, p.11']"
How do I form a new habit?," Based on the information provided in the text by James Clear from his articles on habit tracking and one-sentence stories of people who have built better habits, here's how to form a new habit:

1. Identify the habit you want to form: Choose a specific behavior that you want to make into a habit. Make it small and achievable. For instance, reading one page a day or doing a simple workout every day.
2. Use templates or tools: Utilize habit tracking tools like the Habit Journal provided by James Clear. This will simplify the process of recording your progress.
3. Start small: Begin with a tiny version of the habit and gradually build up to the desired behavior. Tracking this small habit consistently will help you establish the pattern and make it easier to add more as you go along.
4. Habit stacking: Anchor or stack your new habit onto an existing one. This strategy, also known as ""habit stacking,"" involves connecting the new habit with a current one. For example, if quitting coffee is a habit you want to form, you can stack this habit by not drinking coffee whenever you have the urge or when you make yourself a cup of tea instead.
5. Determination and consistency: Maintain your determination and stay consistent in practicing the new habit daily. Quitting a trigger, like quitting coffee in the morning, can also help. Keep in mind that habit formation is a long-term process and requires patience and perseverance to see results.","['2024-04-11 14:40The Ultimate Habit Tracker Guide: Why and How to Track Your Habits - James Clear Sidan 25 av 29https://jamesclear.com/habit-trackerHow Long Do INeed to Track MyHabits?One of the most commonquestions I get is “Howlong does it take to builda habit?”Y ou’ll see all kinds ofanswers: 21 days, 30 days,100 days. One popularanswer right now is 66days because there wasone study that found that,on average, it took 66days to build a habit.However, even within thatstudy the range was quitewide depending on thedi&culty of the habit.I $nd that people arereally trying to get atsomething else when theyask, “How long does ittake to build a habit?”', '2024-04-11 14:40The Ultimate Habit Tracker Guide: Why and How to Track Your Habits - James Clear Sidan 5 av 29https://jamesclear.com/habit-trackerIt’s easy to taste aningredient or to watchbread rise in the oven. Butit can be di&cult tovisualize the progress youare making with yourhabits. Perhaps you’vebeen running for amonth, but you still don’tsee a change in your body.Or maybe you managedto meditate for 16 straightdays, but you still feelstressed and anxious atwork.Habit formation is a longrace. It o""en takes timefor the desired results toappear. And while you arewaiting for the long-termrewards of your e!orts toaccumulate, you need areason to stick with it inthe short-term. Y ou needsome immediate feedbackthat shows you are on the', '2024-04-11 14:3930 One-Sentence Stories From People Who Have Built Better Habits - James Clear Sidan 24 av 27https://jamesclear.com/one-sentence-habits!e easiest way to starttracking your habits is touse the templatesprovided in the HabitJournal. It will make thewhole process a breeze.My favorite approach is topick a very tiny version ofyour habit and track that.For example, I have beentracking the habit of“reading 1 page” for thelast month. One readernamed Günter didsomething similar. “I’vedone a simple workoutevery day for over half ayear now. I managed tostick to it by changing thescope: when I don’t havetime for a full set or don’tfeel like it, instead ofskipping altogether, I doan abbreviated session. Ialso mark it in mycalendar. ”', '2024-04-11 14:3930 One-Sentence Stories From People Who Have Built Better Habits - James Clear Sidan 8 av 27https://jamesclear.com/one-sentence-habitswith a combination ofdetermination and alsoquitting co""ee at the sametime, which was a triggerfor me as I’ d smoke anddrink co""ee together inthe morning. ”Habit StackingAnother popular tactic inthe book is something Icall “habit stacking. ” It’sstrategy I $rst learnedfrom Stanford professorB.J. Fogg. He refers to it as“anchoring” because youanchor—or stack—yournew habit onto a currenthabit.One reader used habitstacking to create a simplerule for learning a newlanguage.']","['Why and How to Track Your Habits - James Clear.pdf, p.23', 'Why and How to Track Your Habits - James Clear.pdf, p.3', '30 One-Sentence Stories From People Who Have Built Better Habits - James Clear.pdf, p.22', '30 One-Sentence Stories From People Who Have Built Better Habits - James Clear.pdf, p.6']"
How should I raise my kids?," Based on the context provided by Paul Graham in his essay ""Kids"" published in December 2019, it seems that Graham suggests raising children with love, attention, and prioritizing their needs over one's own. He also emphasizes the importance of finding joy and fun in parenting, which may not have been apparent to him before he had kids himself.

Graham shares his experience of being afraid of having kids before he became a parent, but once he did have children, he came to appreciate them as companions and friends, in addition to loving them deeply. He also mentions that his perspective was influenced by observing his own mother's enjoyment of raising him and his sister.

To raise kids effectively based on Graham's insights, parents may consider the following:

1. Prioritize your children's needs: Children require a significant amount of attention, love, and care from their parents. Graham suggests that as parents, we should prioritize our children's needs over our own, recognizing that attention is a zero-sum game. This means dedicating time and energy to your children when they need it.
2. Find joy in parenting: Graham was surprised by the fun and enjoyment he found in playing with and interacting with his children. Parents may consider finding ways to engage with their kids, such as through playtime, storytelling, or activities that foster learning and exploration.
3. Reflect on your biases: As parents, it's essential to recognize that our observations of other families and children may be influenced by selection bias. We may only notice the challenging moments or situations, rather than the joyful ones. Making a conscious effort to observe and appreciate the positive aspects of parenting can help shift our perspective.
4. Foster open communication: Graham mentions how his kids kept him accountable for finishing projects he promised them. Parents can encourage open communication with their children by setting clear expectations, listening actively, and following through on promises. This can help build trust and strengthen the bond between parents and children.
5. Enjoy the journey: Raising children is a long-term commitment that requires patience, love, and dedication. Graham's essay highlights the importance of finding joy in the process, even during challenging moments. Embracing the ups and downs of parenthood and cherishing the memories made with our children can help us appreciate the journey more fully.","[""I squirm to avoid it.But if there weren't something real there, why would I squirm?The fact is, once you have kids, you're probably going to caremore about them than you do about yourself. And attention is azero-sum game. Only one idea at a time can be the top idea inyour mind. Once you have kids, it will often be your kids, and thatmeans it will less often be some project you're working on.I have some hacks for sailing close to this wind. For example,when I write essays, I think about what I'd want my kids to know.That drives me to get things right. And when I was writing Bel, Itold my kids that once I finished it I'd take them to Africa. Whenyou say that sort of thing to a little kid, they treat it as a promise.Which meant I had to finish or I'd be taking away their trip toAfrica."", ""2024-04-11 18:00Having Kids Sidan 1 av 4https://www.paulgraham.com/kids.html December 2019Before I had kids, I was afraid of having kids. Up to that point Ifelt about kids the way the young Augustine felt about livingvirtuously. I'd have been sad to think I'd never have children. Butdid I want them now? No.If I had kids, I'd become a parent, and parents, as I'd knownsince I was a kid, were uncool. They were dull and responsibleand had no fun. And while it's not surprising that kids wouldbelieve that, to be honest I hadn't seen much as an adult tochange my mind. Whenever I'd noticed parents with kids, thekids seemed to be terrors, and the parents pathetic harriedcreatures, even when they prevailed.When people had babies, I congratulated them enthusiastically,because that seemed to be what one did."", 'Every oneof them is someone\'s child!""So to some extent you can\'t trust me when I say having kids isgreat. To some extent I\'m like a religious cultist telling you thatyou\'ll be happy if you join the cult too — but only because joiningthe cult will alter your mind in a way that will make you happy tobe a cult member.But not entirely. There were some things about having kids that Iclearly got wrong before I had them.For example, there was a huge amount of selection bias in myobservations of parents and children. Some parents may havenoticed that I wrote ""Whenever I\'d noticed parents with kids."" Ofcourse the times I noticed kids were when things were goingwrong. I only noticed them when they made noise. And wherewas I when I noticed them? Ordinarily I never went to places with', ""I didn't realize therewere good times too.I remember my mother telling me once when I was about 30 thatshe'd really enjoyed having me and my sister. My god, I thought,this woman is a saint. She not only endured all the pain wesubjected her to, but actually enjoyed it? Now I realize she wassimply telling the truth.She said that one reason she liked having us was that we'd beeninteresting to talk to. That took me by surprise when I had kids.You don't just love them. They become your friends too. They'rereally interesting. And while I admit small children aredisastrously fond of repetition (anything worth doing once isworth doing fifty times) it's often genuinely fun to play with them.That surprised me too. Playing with a 2 year old was fun when Iwas 2 and definitely not fun when I was 6. Why would it becomefun again later?""]","['Having KidsHow to Do Great Work-Paul-Graham.pdf, p.2', 'Having KidsHow to Do Great Work-Paul-Graham.pdf, p.0', 'Having KidsHow to Do Great Work-Paul-Graham.pdf, p.0', 'Having KidsHow to Do Great Work-Paul-Graham.pdf, p.1']"
How do I break a bad habit?," Based on the stories shared by people who have successfully built better habits according to James Clear's article, there are several effective strategies for breaking a bad habit.

Firstly, replacing a bad habit with a good one can be more effective than merely trying to eliminate it. For instance, if you have a habit of smoking in your backyard, putting a weight bench out there and doing some reps instead every time you feel the urge to smoke can help reduce your craving. This is an example of habit substitution, where you build a good habit and break a bad one at the same time.

Another strategy is to create enough friction or obstacles to keep your bad habits at bay. For instance, if you have a habit of brushing your teeth right after putting your kids to bed every night, which has prevented you from eating or drinking alcohol at night for years. This is an example of habit stacking, where you add a good habit to an existing one.

Additionally, some people find it helpful to employ clever mental tricks to stick with their new habits. For instance, if you had to break a habit, you can use habit tracking to help build a chain of consecutive days practicing the new habit. Seeing the growing chain can be motivating and reinforce your commitment to the new habit.

Lastly, sometimes people find it helpful to look for a healthier obsession or addiction. For example, if you are addicted to drugs and alcohol, starting to work out can help you build a healthier obsession. This is because habits can be all-consuming, and focusing on a positive habit can crowd out the negative one.

Therefore, if you want to break a bad habit, consider replacing it with a good one, creating enough friction to keep the bad habit at bay, employing clever mental tricks, or looking for a healthier obsession.","['2024-04-11 14:3930 One-Sentence Stories From People Who Have Built Better Habits - James Clear Sidan 17 av 27https://jamesclear.com/one-sentence-habitsIn many cases, it can bemore e""ective to replaceyour bad habit than tomerely try to eliminate it.!e beautiful thing abouthabit substitution is thatyou can build a goodhabit and break a bad oneat the same time. Onereader told me, “ At homeI would go out to mybackyard to smoke, so Iput a weight bench outthere and every time Iwanted to smoke I’ d goout and do some repsinstead. A#er that, mycraving was reduced. ”I thought the followingidea was interesting. Onereader replaced bitingtheir nails with cuttingtheir nails. “I stoppedbiting my $ngernailsmostly by making sure', '2024-04-11 14:3930 One-Sentence Stories From People Who Have Built Better Habits - James Clear Sidan 12 av 27https://jamesclear.com/one-sentence-habits!e phone then became ahabit stack. !e $rst thingI do when I wake up: turno"" alarm, go tobathroom, brush teeth,etc. ”One of my favoriteexamples was sent to meby J. Money, the personal$nance blogger. Hewrote, “I brush my teethright a#er putting mykids to bed every night(8pm), which hasprevented me from eatingor drinking (alcohol) atnight for years… ‘Cuzwho wants to re-brushthem again!”It’s a great example ofcreating just enoughfriction to keep your badhabits at bay.', '2024-04-11 14:3930 One-Sentence Stories From People Who Have Built Better Habits - James Clear Sidan 20 av 27https://jamesclear.com/one-sentence-habitsaddicted to drugs andalcohol. To beat myaddiction, I startedworking out. Now I amplanning to compete inpowerli#ing meets. ”To a certain degree, habitsubstitution allows you tolook for a healthierobsession. Some peopleare hooked on alcohol.Others are hooked onexercise. Either one canbe unhealthy if taken toofar, but generally speakingit’s a lot better to spend afew hours exercising eachday than to spend a fewhours drinking each day.Mindset TricksSometimes I like toemploy clever littlemental tricks to stick with', '2024-04-11 14:3930 One-Sentence Stories From People Who Have Built Better Habits - James Clear Sidan 23 av 27https://jamesclear.com/one-sentence-habitsme. I had to break thathabit. ”Habit TrackingFinally, I’ d like to closewith one of my favoritestrategies: habit tracking.Here’s how a few readersare using it…Cindy sent me an emailsaying, “I purchased alarge wall calendar andstarted building thechains. !is really worksfor me. I like to build thatchain. !ere are 6 monthsof red X’s on my calendar.I am healthier, have lost30 pounds, feel stronger,exercise more, garden,read more, work on mysmall business, andpractice my French. ”']","['30 One-Sentence Stories From People Who Have Built Better Habits - James Clear.pdf, p.15', '30 One-Sentence Stories From People Who Have Built Better Habits - James Clear.pdf, p.10', '30 One-Sentence Stories From People Who Have Built Better Habits - James Clear.pdf, p.18', '30 One-Sentence Stories From People Who Have Built Better Habits - James Clear.pdf, p.21']"
How do I enhance my learning capabilities?," Based on the context provided, enhancing your learning capabilities involves adopting an active approach to education and taking advantage of the rich resources of time you have as a young person. Here are some suggestions:

1. Embrace the stranger and the outlier: Don't be afraid to question things that are commonly taken for granted or to explore seemingly unusual ideas. Great discoveries and innovations often come from challenging assumptions and pushing boundaries.
2. Make your education your project: Instead of passively receiving information, take ownership of your learning experience. Seek out resources that interest you and engage with them deeply. Treat your teachers as collaborators rather than authorities.
3. Use your time wisely but not frivolously: Take advantage of the abundance of time you have as a young person to learn new things, explore interests, and develop skills. Be deliberate in your choices, but also be open to spontaneous learning opportunities.
4. Learn from exponential growth: Recognize that learning and other valuable experiences can grow exponentially over time. Embrace the power of compounding effects by making small investments early on that pay off later.
5. Stay curious: Keep a sense of wonder and curiosity about the world around you. Be open to new ideas and perspectives, and don't be afraid to ask questions or seek out answers.
6. Practice focus and persistence: Learning requires dedication and effort. Cultivate the habit of focusing intensely on tasks that challenge you, even when they are difficult or tedious. Stay persistent in your efforts, even when progress seems slow.
7. Surround yourself with supportive peers and mentors: Seek out others who share your interests and goals, and build relationships with them. Learn from their experiences and insights, and be open to feedback and collaboration.
8. Take care of your physical and emotional health: Learning is a marathon, not a sprint. Prioritize self-care practices like getting enough sleep, eating well, exercising regularly, and managing stress. These habits will help you stay focused and productive over the long term.

By following these principles, you can enhance your learning capabilities and set yourself up for a lifetime of growth and discovery. Remember that the journey is as important as the destination, so enjoy the process and embrace the strange and unexpected twists and turns along the way.","[""Knowledge expands fractally, and from adistance its edges look smooth, but once you learn enough to getclose to one, they turn out to be full of gaps.The next step is to notice them. This takes some skill, becauseyour brain wants to ignore such gaps in order to make a simplermodel of the world. Many discoveries have come from askingquestions about things that everyone else took for granted. [2]If the answers seem strange, so much the better. Great workoften has a tincture of strangeness. You see this from painting tomath. It would be affected to try to manufacture it, but if itappears, embrace it.Boldly chase outlier ideas, even if other people aren't interestedin them — in fact, especially if they aren't."", ""Since you were a smallchild, there was an authority at the front of the class telling all ofyou what you had to learn and then measuring whether you did.But neither classes nor tests are intrinsic to learning; they're justartifacts of the way schools are usually designed.The sooner you overcome this passivity, the better. If you're stillin school, try thinking of your education as your project, and yourteachers as working for you rather than vice versa. That mayseem a stretch, but it's not merely some weird thoughtexperiment. It's the truth, economically, and in the best case it'sthe truth intellectually as well. The best teachers don't want to beyour bosses."", 'The young often have them without realizing it. Thebiggest is probably time. The young have no idea how rich theyare in time. The best way to turn this time to advantage is to useit in slightly frivolous ways: to learn about something you don\'tneed to know about, just out of curiosity, or to try buildingsomething just because it would be cool, or to become freakishlygood at something.That ""slightly"" is an important qualification. Spend time lavishlywhen you\'re young, but don\'t simply waste it. There\'s a bigdifference between doing something you worry might be a wasteof time and doing something you know for sure will be.', ""Learning, for example, is an instance ofthis phenomenon: the more you learn about something, theeasier it is to learn more. Growing an audience is another: themore fans you have, the more new fans they'll bring you.The trouble with exponential growth is that the curve feels flat inthe beginning. It isn't; it's still a wonderful exponential curve. Butwe can't grasp that intuitively, so we underrate exponentialgrowth in its early stages.Something that grows exponentially can become so valuable thatit's worth making an extraordinary effort to get it started. Butsince we underrate exponential growth early on, this too is mostly""]","['How to Do Great Work-Paul-Graham.pdf, p.1', 'How to Do Great Work-Paul-Graham.pdf, p.17', 'How to Do Great Work-Paul-Graham.pdf, p.16', 'How to Do Great Work-Paul-Graham.pdf, p.5']"
What are some good techniques for learning?," Based on the context provided, it seems that the author is suggesting several techniques for effective learning and discovery. I will summarize and expand upon these ideas:

1. Embrace curiosity and ask questions: The author encourages learners to be curious about the world around them and to challenge assumptions, even if those ideas are widely accepted or considered mundane. By asking questions, we can uncover new insights and make connections between seemingly disparate areas of knowledge.
2. Learn from failure: The author emphasizes that not all ideas will succeed, but that learning from our failures can be a valuable part of the process. This may involve trying multiple approaches to a problem or project, or backtracking to reconsider earlier assumptions.
3. Be open-minded and embrace the strange: The author suggests that great ideas often have a tincture of strangeness, so we should be receptive to outlier ideas, even if they are not currently popular or widely accepted. By exploring these ideas, we may uncover new insights or discover innovative solutions to complex problems.
4. Learn from previous work but don't be afraid to explore: The author suggests that while it can be helpful to learn from the work of others, it is also important to be willing to try new things and explore our own ideas. This will not only help us to develop a deeper understanding of the field but also enable us to make original contributions.
5. Persist in the face of challenges: The author acknowledges that learning can be difficult and that setbacks are inevitable. However, rather than giving up when faced with challenges or setbacks, we should persist and keep pushing forward. This may involve seeking out new resources, collaborating with others, or approaching the problem from a different angle.
6. Cultivate originality, creativity, and imagination: The author suggests that these abilities are essential for effective learning and discovery. By developing our original ideas and exploring new possibilities, we can make meaningful contributions to our field and expand the frontiers of knowledge.
7. Start small and iterate: Finally, the author recommends starting with small projects or tasks and building upon those successes. This approach allows us to develop a solid foundation of knowledge and skills before tackling more complex problems. Additionally, it enables us to learn from our mistakes and improve our work through iteration.

Overall, these techniques emphasize the importance of curiosity, resilience, and originality in the learning process. By embracing failure, being open-minded, and persisting in the face of challenges, we can make meaningful discoveries and expand our understanding of the world around us.","[""Knowledge expands fractally, and from adistance its edges look smooth, but once you learn enough to getclose to one, they turn out to be full of gaps.The next step is to notice them. This takes some skill, becauseyour brain wants to ignore such gaps in order to make a simplermodel of the world. Many discoveries have come from askingquestions about things that everyone else took for granted. [2]If the answers seem strange, so much the better. Great workoften has a tincture of strangeness. You see this from painting tomath. It would be affected to try to manufacture it, but if itappears, embrace it.Boldly chase outlier ideas, even if other people aren't interestedin them — in fact, especially if they aren't."", ""So it's a good sign if you're creating ideas thatothers could use, or exposing questions that others could answer.The best ideas have implications in many different areas.If you express your ideas in the most general form, they'll betruer than you intended.True by itself is not enough, of course. Great ideas have to betrue and new. And it takes a certain amount of ability to see newideas even once you've learned enough to get to one of thefrontiers of knowledge.In English we give this ability names like originality, creativity,and imagination. And it seems reasonable to give it a separatename, because it does seem to some extent a separate skill."", ""Understand,though, that trying lots of things will mean trying lots of thingsthat don't work. You can't have a lot of good ideas without alsohaving a lot of bad ones. [21]Though it sounds more responsible to begin by studyingeverything that's been done before, you'll learn faster and havemore fun by trying stuff. And you'll understand previous workbetter when you do look at it. So err on the side of starting.Which is easier when starting means starting small; those two"", 'So ""If at first you don\'t succeed, try, try again"" isn\'tquite right. It should be: If at first you don\'t succeed, either tryagain, or backtrack and then try again.""Never give up"" is also not quite right. Obviously there are timeswhen it\'s the right choice to eject. A more precise version wouldbe: Never let setbacks panic you into backtracking more than youneed to. Corollary: Never abandon the root node.It\'s not necessarily a bad sign if work is a struggle, any more thanit\'s a bad sign to be out of breath while running. It depends how']","['How to Do Great Work-Paul-Graham.pdf, p.1', 'How to Do Great Work-Paul-Graham.pdf, p.9', 'How to Do Great Work-Paul-Graham.pdf, p.14', 'How to Do Great Work-Paul-Graham.pdf, p.20']"
